{
  "90001": {
    "city": "Los Angeles",
    "county": "Los Angeles"
  },
  "90002": {
    "city": "Los Angeles",
    "county": "Los Angeles"
  },
  "90003": {
    "city": "Los Angeles",
    "county": "Los Angeles"
  },
  "90004": {
    "city": "Los Angeles",
    "county": "Los Angeles"
  },
  "90005": {
    "city": "Los Angeles",
    "county": "Los Angeles"
  },
  "90006": {
    "city": "Los Angeles",
    "county": "Los Angeles"
  },
  "90007": {
    "city": "Los Angeles",
    "county": "Los Angeles"
  },
  "90008": {
    "city": "Los Angeles",
    "county": "Los Angeles"
  },
  "90010": {
    "city": "Los Angeles",
    "county": "Los Angeles"
  },
  "90011": {
    "city": "Los Angeles",
    "county": "Los Angeles"
  },
  "90012": {
    "city": "Los Angeles",
    "county": "Los Angeles"
  },
  "90013": {
    "city": "Los Angeles",
    "county": "Los Angeles"
  },
  "90014": {
    "city": "Los Angeles",
    "county": "Los Angeles"
  },
  "90015": {
    "city": "Los Angeles",
    "county": "Los Angeles"
  },
  "90016": {
    "city": "Los Angeles",
    "county": "Los Angeles"
  },
  "90017": {
    "city": "Los Angeles",
    "county": "Los Angeles"
  },
  "90018": {
    "city": "Los Angeles",
    "county": "Los Angeles"
  },
  "90019": {
    "city": "Los Angeles",
    "county": "Los Angeles"
  },
  "90020": {
    "city": "Los Angeles",
    "county": "Los Angeles"
  },
  "90021": {
    "city": "Los Angeles",
    "county": "Los Angeles"
  },
  "90022": {
    "city": "Los Angeles",
    "county": "Los Angeles"
  },
  "90023": {
    "city": "Los Angeles",
    "county": "Los Angeles"
  },
  "90024": {
    "city": "Los Angeles",
    "county": "Los Angeles"
  },
  "90025": {
    "city": "Los Angeles",
    "county": "Los Angeles"
  },
  "90026": {
    "city": "Los Angeles",
    "county": "Los Angeles"
  },
  "90027": {
    "city": "Los Angeles",
    "county": "Los Angeles"
  },
  "90028": {
    "city": "Los Angeles",
    "county": "Los Angeles"
  },
  "90029": {
    "city": "Los Angeles",
    "county": "Los Angeles"
  },
  "90031": {
    "city": "Los Angeles",
    "county": "Los Angeles"
  },
  "90032": {
    "city": "Los Angeles",
    "county": "Los Angeles"
  },
  "90033": {
    "city": "Los Angeles",
    "county": "Los Angeles"
  },
  "90034": {
    "city": "Los Angeles",
    "county": "Los Angeles"
  },
  "90035": {
    "city": "Los Angeles",
    "county": "Los Angeles"
  },
  "90036": {
    "city": "Los Angeles",
    "county": "Los Angeles"
  },
  "90037": {
    "city": "Los Angeles",
    "county": "Los Angeles"
  },
  "90038": {
    "city": "Los Angeles",
    "county": "Los Angeles"
  },
  "90039": {
    "city": "Los Angeles",
    "county": "Los Angeles"
  },
  "90041": {
    "city": "Los Angeles",
    "county": "Los Angeles"
  },
  "90042": {
    "city": "Los Angeles",
    "county": "Los Angeles"
  },
  "90043": {
    "city": "Los Angeles",
    "county": "Los Angeles"
  },
  "90044": {
    "city": "Los Angeles",
    "county": "Los Angeles"
  },
  "90045": {
    "city": "Los Angeles",
    "county": "Los Angeles"
  },
  "90046": {
    "city": "Los Angeles",
    "county": "Los Angeles"
  },
  "90047": {
    "city": "Los Angeles",
    "county": "Los Angeles"
  },
  "90048": {
    "city": "Los Angeles",
    "county": "Los Angeles"
  },
  "90049": {
    "city": "Los Angeles",
    "county": "Los Angeles"
  },
  "90056": {
    "city": "Los Angeles",
    "county": "Los Angeles"
  },
  "90057": {
    "city": "Los Angeles",
    "county": "Los Angeles"
  },
  "90058": {
    "city": "Los Angeles",
    "county": "Los Angeles"
  },
  "90059": {
    "city": "Los Angeles",
    "county": "Los Angeles"
  },
  "90061": {
    "city": "Los Angeles",
    "county": "Los Angeles"
  },
  "90062": {
    "city": "Los Angeles",
    "county": "Los Angeles"
  },
  "90063": {
    "city": "Los Angeles",
    "county": "Los Angeles"
  },
  "90064": {
    "city": "Los Angeles",
    "county": "Los Angeles"
  },
  "90065": {
    "city": "Los Angeles",
    "county": "Los Angeles"
  },
  "90066": {
    "city": "Los Angeles",
    "county": "Los Angeles"
  },
  "90067": {
    "city": "Los Angeles",
    "county": "Los Angeles"
  },
  "90068": {
    "city": "Los Angeles",
    "county": "Los Angeles"
  },
  "90069": {
    "city": "West Hollywood",
    "county": "Los Angeles"
  },
  "90071": {
    "city": "Los Angeles",
    "county": "Los Angeles"
  },
  "90077": {
    "city": "Los Angeles",
    "county": "Los Angeles"
  },
  "90089": {
    "city": "Los Angeles",
    "county": "Los Angeles"
  },
  "90090": {
    "city": "Los Angeles",
    "county": "Los Angeles"
  },
  "90094": {
    "city": "Los Angeles",
    "county": "Los Angeles"
  },
  "90095": {
    "city": "Los Angeles",
    "county": "Los Angeles"
  },
  "90201": {
    "city": "Bell Gardens",
    "county": "Los Angeles"
  },
  "90210": {
    "city": "Beverly Hills",
    "county": "Los Angeles"
  },
  "90211": {
    "city": "Beverly Hills",
    "county": "Los Angeles"
  },
  "90212": {
    "city": "Beverly Hills",
    "county": "Los Angeles"
  },
  "90220": {
    "city": "Compton",
    "county": "Los Angeles"
  },
  "90221": {
    "city": "Compton",
    "county": "Los Angeles"
  },
  "90222": {
    "city": "Compton",
    "county": "Los Angeles"
  },
  "90230": {
    "city": "Culver City",
    "county": "Los Angeles"
  },
  "90232": {
    "city": "Culver City",
    "county": "Los Angeles"
  },
  "90240": {
    "city": "Downey",
    "county": "Los Angeles"
  },
  "90241": {
    "city": "Downey",
    "county": "Los Angeles"
  },
  "90242": {
    "city": "Downey",
    "county": "Los Angeles"
  },
  "90245": {
    "city": "El Segundo",
    "county": "Los Angeles"
  },
  "90247": {
    "city": "Gardena",
    "county": "Los Angeles"
  },
  "90248": {
    "city": "Gardena",
    "county": "Los Angeles"
  },
  "90249": {
    "city": "Gardena",
    "county": "Los Angeles"
  },
  "90250": {
    "city": "Hawthorne",
    "county": "Los Angeles"
  },
  "90254": {
    "city": "Hermosa Beach",
    "county": "Los Angeles"
  },
  "90255": {
    "city": "Huntington Park",
    "county": "Los Angeles"
  },
  "90260": {
    "city": "Lawndale",
    "county": "Los Angeles"
  },
  "90262": {
    "city": "Lynwood",
    "county": "Los Angeles"
  },
  "90265": {
    "city": "Malibu",
    "county": "Los Angeles"
  },
  "90266": {
    "city": "Manhattan Beach",
    "county": "Los Angeles"
  },
  "90270": {
    "city": "Maywood",
    "county": "Los Angeles"
  },
  "90274": {
    "city": "Palos Verdes Estates",
    "county": "Los Angeles"
  },
  "90275": {
    "city": "Rancho Palos Verdes",
    "county": "Los Angeles"
  },
  "90277": {
    "city": "Redondo Beach",
    "county": "Los Angeles"
  },
  "90278": {
    "city": "Redondo Beach",
    "county": "Los Angeles"
  },
  "90280": {
    "city": "South Gate",
    "county": "Los Angeles"
  },
  "90290": {
    "city": "Los Angeles",
    "county": "Los Angeles"
  },
  "90291": {
    "city": "Los Angeles",
    "county": "Los Angeles"
  },
  "90292": {
    "city": "Los Angeles",
    "county": "Los Angeles"
  },
  "90293": {
    "city": "Los Angeles",
    "county": "Los Angeles"
  },
  "90301": {
    "city": "Inglewood",
    "county": "Los Angeles"
  },
  "90302": {
    "city": "Inglewood",
    "county": "Los Angeles"
  },
  "90303": {
    "city": "Inglewood",
    "county": "Los Angeles"
  },
  "90304": {
    "city": "Inglewood",
    "county": "Los Angeles"
  },
  "90305": {
    "city": "Inglewood",
    "county": "Los Angeles"
  },
  "90401": {
    "city": "Santa Monica",
    "county": "Los Angeles"
  },
  "90402": {
    "city": "Santa Monica",
    "county": "Los Angeles"
  },
  "90403": {
    "city": "Santa Monica",
    "county": "Los Angeles"
  },
  "90404": {
    "city": "Santa Monica",
    "county": "Los Angeles"
  },
  "90405": {
    "city": "Santa Monica",
    "county": "Los Angeles"
  },
  "90501": {
    "city": "Torrance",
    "county": "Los Angeles"
  },
  "90502": {
    "city": "Torrance",
    "county": "Los Angeles"
  },
  "90503": {
    "city": "Torrance",
    "county": "Los Angeles"
  },
  "90504": {
    "city": "Torrance",
    "county": "Los Angeles"
  },
  "90505": {
    "city": "Torrance",
    "county": "Los Angeles"
  },
  "90506": {
    "city": "Torrance",
    "county": "Los Angeles"
  },
  "90601": {
    "city": "Whittier",
    "county": "Los Angeles"
  },
  "90602": {
    "city": "Whittier",
    "county": "Los Angeles"
  },
  "90603": {
    "city": "Whittier",
    "county": "Los Angeles"
  },
  "90604": {
    "city": "Whittier",
    "county": "Los Angeles"
  },
  "90605": {
    "city": "Whittier",
    "county": "Los Angeles"
  },
  "90606": {
    "city": "Whittier",
    "county": "Los Angeles"
  },
  "90620": {
    "city": "Buena Park",
    "county": "Orange"
  },
  "90621": {
    "city": "Buena Park",
    "county": "Orange"
  },
  "90623": {
    "city": "La Palma",
    "county": "Orange"
  },
  "90630": {
    "city": "Cypress",
    "county": "Orange"
  },
  "90631": {
    "city": "La Habra",
    "county": "Orange"
  },
  "90638": {
    "city": "La Mirada",
    "county": "Los Angeles"
  },
  "90640": {
    "city": "Montebello",
    "county": "Los Angeles"
  },
  "90650": {
    "city": "Norwalk",
    "county": "Los Angeles"
  },
  "90660": {
    "city": "Pico Rivera",
    "county": "Los Angeles"
  },
  "90670": {
    "city": "Santa Fe Springs",
    "county": "Los Angeles"
  },
  "90680": {
    "city": "Stanton",
    "county": "Orange"
  },
  "90701": {
    "city": "Cerritos",
    "county": "Los Angeles"
  },
  "90703": {
    "city": "Cerritos",
    "county": "Los Angeles"
  },
  "90706": {
    "city": "Bellflower",
    "county": "Los Angeles"
  },
  "90710": {
    "city": "Los Angeles",
    "county": "Los Angeles"
  },
  "90712": {
    "city": "Lakewood",
    "county": "Los Angeles"
  },
  "90713": {
    "city": "Lakewood",
    "county": "Los Angeles"
  },
  "90715": {
    "city": "Lakewood",
    "county": "Los Angeles"
  },
  "90716": {
    "city": "Hawaiian Gardens",
    "county": "Los Angeles"
  },
  "90717": {
    "city": "Los Angeles",
    "county": "Los Angeles"
  },
  "90720": {
    "city": "Los Alamitos",
    "county": "Orange"
  },
  "90731": {
    "city": "Los Angeles",
    "county": "Los Angeles"
  },
  "90732": {
    "city": "Los Angeles",
    "county": "Los Angeles"
  },
  "90740": {
    "city": "Seal Beach",
    "county": "Orange"
  },
  "90744": {
    "city": "Los Angeles",
    "county": "Los Angeles"
  },
  "90745": {
    "city": "Carson",
    "county": "Los Angeles"
  },
  "90746": {
    "city": "Carson",
    "county": "Los Angeles"
  },
  "90747": {
    "city": "Carson",
    "county": "Los Angeles"
  },
  "90755": {
    "city": "Signal Hill",
    "county": "Los Angeles"
  },
  "90802": {
    "city": "Long Beach",
    "county": "Los Angeles"
  },
  "90803": {
    "city": "Long Beach",
    "county": "Los Angeles"
  },
  "90804": {
    "city": "Long Beach",
    "county": "Los Angeles"
  },
  "90805": {
    "city": "Long Beach",
    "county": "Los Angeles"
  },
  "90806": {
    "city": "Long Beach",
    "county": "Los Angeles"
  },
  "90807": {
    "city": "Long Beach",
    "county": "Los Angeles"
  },
  "90808": {
    "city": "Long Beach",
    "county": "Los Angeles"
  },
  "90810": {
    "city": "Long Beach",
    "county": "Los Angeles"
  },
  "90813": {
    "city": "Long Beach",
    "county": "Los Angeles"
  },
  "90814": {
    "city": "Long Beach",
    "county": "Los Angeles"
  },
  "90815": {
    "city": "Long Beach",
    "county": "Los Angeles"
  },
  "90840": {
    "city": "Long Beach",
    "county": "Los Angeles"
  },
  "91001": {
    "city": "Altadena",
    "county": "Los Angeles"
  },
  "91006": {
    "city": "Arcadia",
    "county": "Los Angeles"
  },
  "91007": {
    "city": "Arcadia",
    "county": "Los Angeles"
  },
  "91010": {
    "city": "Duarte",
    "county": "Los Angeles"
  },
  "91016": {
    "city": "Monrovia",
    "county": "Los Angeles"
  },
  "91024": {
    "city": "Sierra Madre",
    "county": "Los Angeles"
  },
  "91030": {
    "city": "South Pasadena",
    "county": "Los Angeles"
  },
  "91040": {
    "city": "Los Angeles",
    "county": "Los Angeles"
  },
  "91042": {
    "city": "Los Angeles",
    "county": "Los Angeles"
  },
  "91101": {
    "city": "Pasadena",
    "county": "Los Angeles"
  },
  "91103": {
    "city": "Pasadena",
    "county": "Los Angeles"
  },
  "91104": {
    "city": "Pasadena",
    "county": "Los Angeles"
  },
  "91105": {
    "city": "Pasadena",
    "county": "Los Angeles"
  },
  "91106": {
    "city": "Pasadena",
    "county": "Los Angeles"
  },
  "91107": {
    "city": "Pasadena",
    "county": "Los Angeles"
  },
  "91108": {
    "city": "San Marino",
    "county": "Los Angeles"
  },
  "91201": {
    "city": "Glendale",
    "county": "Los Angeles"
  },
  "91202": {
    "city": "Glendale",
    "county": "Los Angeles"
  },
  "91203": {
    "city": "Glendale",
    "county": "Los Angeles"
  },
  "91204": {
    "city": "Glendale",
    "county": "Los Angeles"
  },
  "91205": {
    "city": "Glendale",
    "county": "Los Angeles"
  },
  "91206": {
    "city": "Glendale",
    "county": "Los Angeles"
  },
  "91207": {
    "city": "Glendale",
    "county": "Los Angeles"
  },
  "91208": {
    "city": "Glendale",
    "county": "Los Angeles"
  },
  "91301": {
    "city": "Agoura Hills",
    "county": "Los Angeles"
  },
  "91302": {
    "city": "Calabasas",
    "county": "Los Angeles"
  },
  "91303": {
    "city": "Los Angeles",
    "county": "Los Angeles"
  },
  "91304": {
    "city": "Los Angeles",
    "county": "Los Angeles"
  },
  "91306": {
    "city": "Los Angeles",
    "county": "Los Angeles"
  },
  "91307": {
    "city": "Los Angeles",
    "county": "Los Angeles"
  },
  "91311": {
    "city": "Los Angeles",
    "county": "Los Angeles"
  },
  "91316": {
    "city": "Los Angeles",
    "county": "Los Angeles"
  },
  "91320": {
    "city": "Thousand Oaks",
    "county": "Ventura"
  },
  "91321": {
    "city": "Santa Clarita",
    "county": "Los Angeles"
  },
  "91324": {
    "city": "Los Angeles",
    "county": "Los Angeles"
  },
  "91325": {
    "city": "Los Angeles",
    "county": "Los Angeles"
  },
  "91326": {
    "city": "Los Angeles",
    "county": "Los Angeles"
  },
  "91330": {
    "city": "Los Angeles",
    "county": "Los Angeles"
  },
  "91331": {
    "city": "Los Angeles",
    "county": "Los Angeles"
  },
  "91335": {
    "city": "Los Angeles",
    "county": "Los Angeles"
  },
  "91340": {
    "city": "San Fernando",
    "county": "Los Angeles"
  },
  "91342": {
    "city": "Los Angeles",
    "county": "Los Angeles"
  },
  "91343": {
    "city": "Los Angeles",
    "county": "Los Angeles"
  },
  "91344": {
    "city": "Los Angeles",
    "county": "Los Angeles"
  },
  "91345": {
    "city": "Los Angeles",
    "county": "Los Angeles"
  },
  "91350": {
    "city": "Santa Clarita",
    "county": "Los Angeles"
  },
  "91351": {
    "city": "Santa Clarita",
    "county": "Los Angeles"
  },
  "91352": {
    "city": "Los Angeles",
    "county": "Los Angeles"
  },
  "91354": {
    "city": "Santa Clarita",
    "county": "Los Angeles"
  },
  "91355": {
    "city": "Santa Clarita",
    "county": "Los Angeles"
  },
  "91356": {
    "city": "Los Angeles",
    "county": "Los Angeles"
  },
  "91360": {
    "city": "Thousand Oaks",
    "county": "Ventura"
  },
  "91361": {
    "city": "Thousand Oaks",
    "county": "Ventura"
  },
  "91362": {
    "city": "Thousand Oaks",
    "county": "Ventura"
  },
  "91364": {
    "city": "Los Angeles",
    "county": "Los Angeles"
  },
  "91367": {
    "city": "Los Angeles",
    "county": "Los Angeles"
  },
  "91377": {
    "city": "Oak Park",
    "county": "Ventura"
  },
  "91381": {
    "city": "Santa Clarita",
    "county": "Los Angeles"
  },
  "91384": {
    "city": "Santa Clarita",
    "county": "Los Angeles"
  },
  "91401": {
    "city": "Los Angeles",
    "county": "Los Angeles"
  },
  "91402": {
    "city": "Los Angeles",
    "county": "Los Angeles"
  },
  "91403": {
    "city": "Los Angeles",
    "county": "Los Angeles"
  },
  "91405": {
    "city": "Los Angeles",
    "county": "Los Angeles"
  },
  "91406": {
    "city": "Los Angeles",
    "county": "Los Angeles"
  },
  "91411": {
    "city": "Los Angeles",
    "county": "Los Angeles"
  },
  "91423": {
    "city": "Los Angeles",
    "county": "Los Angeles"
  },
  "91436": {
    "city": "Los Angeles",
    "county": "Los Angeles"
  },
  "91501": {
    "city": "Burbank",
    "county": "Los Angeles"
  },
  "91502": {
    "city": "Burbank",
    "county": "Los Angeles"
  },
  "91504": {
    "city": "Burbank",
    "county": "Los Angeles"
  },
  "91505": {
    "city": "Burbank",
    "county": "Los Angeles"
  },
  "91506": {
    "city": "Burbank",
    "county": "Los Angeles"
  },
  "91601": {
    "city": "Los Angeles",
    "county": "Los Angeles"
  },
  "91602": {
    "city": "Los Angeles",
    "county": "Los Angeles"
  },
  "91604": {
    "city": "Los Angeles",
    "county": "Los Angeles"
  },
  "91605": {
    "city": "Los Angeles",
    "county": "Los Angeles"
  },
  "91606": {
    "city": "Los Angeles",
    "county": "Los Angeles"
  },
  "91607": {
    "city": "Los Angeles",
    "county": "Los Angeles"
  },
  "91608": {
    "city": "Los Angeles",
    "county": "Los Angeles"
  },
  "91702": {
    "city": "Azusa",
    "county": "Los Angeles"
  },
  "91706": {
    "city": "Baldwin Park",
    "county": "Los Angeles"
  },
  "91709": {
    "city": "Chino Hills",
    "county": "San Bernardino"
  },
  "91710": {
    "city": "Chino",
    "county": "San Bernardino"
  },
  "91711": {
    "city": "Claremont",
    "county": "Los Angeles"
  },
  "91722": {
    "city": "Covina",
    "county": "Los Angeles"
  },
  "91723": {
    "city": "Covina",
    "county": "Los Angeles"
  },
  "91724": {
    "city": "Covina",
    "county": "Los Angeles"
  },
  "91730": {
    "city": "Rancho Cucamonga",
    "county": "San Bernardino"
  },
  "91731": {
    "city": "El Monte",
    "county": "Los Angeles"
  },
  "91732": {
    "city": "El Monte",
    "county": "Los Angeles"
  },
  "91733": {
    "city": "South El Monte",
    "county": "Los Angeles"
  },
  "91737": {
    "city": "Rancho Cucamonga",
    "county": "San Bernardino"
  },
  "91739": {
    "city": "Rancho Cucamonga",
    "county": "San Bernardino"
  },
  "91740": {
    "city": "Glendora",
    "county": "Los Angeles"
  },
  "91741": {
    "city": "Glendora",
    "county": "Los Angeles"
  },
  "91744": {
    "city": "La Puente",
    "county": "Los Angeles"
  },
  "91745": {
    "city": "Hacienda Heights",
    "county": "Los Angeles"
  },
  "91746": {
    "city": "La Puente",
    "county": "Los Angeles"
  },
  "91748": {
    "city": "Rowland Heights",
    "county": "Los Angeles"
  },
  "91750": {
    "city": "La Verne",
    "county": "Los Angeles"
  },
  "91752": {
    "city": "Jurupa Valley",
    "county": "Riverside"
  },
  "91754": {
    "city": "Monterey Park",
    "county": "Los Angeles"
  },
  "91755": {
    "city": "Monterey Park",
    "county": "Los Angeles"
  },
  "91761": {
    "city": "Ontario",
    "county": "San Bernardino"
  },
  "91762": {
    "city": "Ontario",
    "county": "San Bernardino"
  },
  "91763": {
    "city": "Montclair",
    "county": "San Bernardino"
  },
  "91764": {
    "city": "Ontario",
    "county": "San Bernardino"
  },
  "91765": {
    "city": "Diamond Bar",
    "county": "Los Angeles"
  },
  "91766": {
    "city": "Pomona",
    "county": "Los Angeles"
  },
  "91767": {
    "city": "Pomona",
    "county": "Los Angeles"
  },
  "91768": {
    "city": "Pomona",
    "county": "Los Angeles"
  },
  "91770": {
    "city": "Rosemead",
    "county": "Los Angeles"
  },
  "91773": {
    "city": "San Dimas",
    "county": "Los Angeles"
  },
  "91775": {
    "city": "San Gabriel",
    "county": "Los Angeles"
  },
  "91776": {
    "city": "San Gabriel",
    "county": "Los Angeles"
  },
  "91780": {
    "city": "Temple City",
    "county": "Los Angeles"
  },
  "91784": {
    "city": "Upland",
    "county": "San Bernardino"
  },
  "91786": {
    "city": "Upland",
    "county": "San Bernardino"
  },
  "91789": {
    "city": "Walnut",
    "county": "Los Angeles"
  },
  "91790": {
    "city": "West Covina",
    "county": "Los Angeles"
  },
  "91791": {
    "city": "West Covina",
    "county": "Los Angeles"
  },
  "91792": {
    "city": "West Covina",
    "county": "Los Angeles"
  },
  "91901": {
    "city": "Alpine",
    "county": "San Diego"
  },
  "91902": {
    "city": "Bonita",
    "county": "San Diego"
  },
  "91910": {
    "city": "Chula Vista",
    "county": "San Diego"
  },
  "91911": {
    "city": "Chula Vista",
    "county": "San Diego"
  },
  "91913": {
    "city": "Chula Vista",
    "county": "San Diego"
  },
  "91914": {
    "city": "Chula Vista",
    "county": "San Diego"
  },
  "91915": {
    "city": "Chula Vista",
    "county": "San Diego"
  },
  "91932": {
    "city": "Imperial Beach",
    "county": "San Diego"
  },
  "91935": {
    "city": "Jamul",
    "county": "San Diego"
  },
  "91941": {
    "city": "La Mesa",
    "county": "San Diego"
  },
  "91942": {
    "city": "La Mesa",
    "county": "San Diego"
  },
  "91945": {
    "city": "Lemon Grove",
    "county": "San Diego"
  },
  "91950": {
    "city": "National City",
    "county": "San Diego"
  },
  "91977": {
    "city": "Spring Valley",
    "county": "San Diego"
  },
  "91978": {
    "city": "Spring Valley",
    "county": "San Diego"
  },
  "92003": {
    "city": "Bonsall",
    "county": "San Diego"
  },
  "92007": {
    "city": "Cardiff By The Sea",
    "county": "San Diego"
  },
  "92008": {
    "city": "Carlsbad",
    "county": "San Diego"
  },
  "92009": {
    "city": "Carlsbad",
    "county": "San Diego"
  },
  "92010": {
    "city": "Carlsbad",
    "county": "San Diego"
  },
  "92011": {
    "city": "Carlsbad",
    "county": "San Diego"
  },
  "92014": {
    "city": "Del Mar",
    "county": "San Diego"
  },
  "92019": {
    "city": "El Cajon",
    "county": "San Diego"
  },
  "92020": {
    "city": "El Cajon",
    "county": "San Diego"
  },
  "92021": {
    "city": "El Cajon",
    "county": "San Diego"
  },
  "92024": {
    "city": "Encinitas",
    "county": "San Diego"
  },
  "92025": {
    "city": "Escondido",
    "county": "San Diego"
  },
  "92026": {
    "city": "Escondido",
    "county": "San Diego"
  },
  "92027": {
    "city": "Escondido",
    "county": "San Diego"
  },
  "92028": {
    "city": "Fallbrook",
    "county": "San Diego"
  },
  "92029": {
    "city": "Escondido",
    "county": "San Diego"
  },
  "92037": {
    "city": "San Diego",
    "county": "San Diego"
  },
  "92040": {
    "city": "Lakeside",
    "county": "San Diego"
  },
  "92054": {
    "city": "Oceanside",
    "county": "San Diego"
  },
  "92055": {
    "city": "Camp Pendleton",
    "county": "San Diego"
  },
  "92056": {
    "city": "Oceanside",
    "county": "San Diego"
  },
  "92057": {
    "city": "Oceanside",
    "county": "San Diego"
  },
  "92058": {
    "city": "Oceanside",
    "county": "San Diego"
  },
  "92064": {
    "city": "Poway",
    "county": "San Diego"
  },
  "92065": {
    "city": "Ramona",
    "county": "San Diego"
  },
  "92067": {
    "city": "Rancho Santa Fe",
    "county": "San Diego"
  },
  "92069": {
    "city": "San Marcos",
    "county": "San Diego"
  },
  "92071": {
    "city": "Santee",
    "county": "San Diego"
  },
  "92075": {
    "city": "Solana Beach",
    "county": "San Diego"
  },
  "92078": {
    "city": "San Marcos",
    "county": "San Diego"
  },
  "92081": {
    "city": "Vista",
    "county": "San Diego"
  },
  "92082": {
    "city": "Valley Center",
    "county": "San Diego"
  },
  "92083": {
    "city": "Vista",
    "county": "San Diego"
  },
  "92084": {
    "city": "Vista",
    "county": "San Diego"
  },
  "92101": {
    "city": "San Diego",
    "county": "San Diego"
  },
  "92102": {
    "city": "San Diego",
    "county": "San Diego"
  },
  "92103": {
    "city": "San Diego",
    "county": "San Diego"
  },
  "92104": {
    "city": "San Diego",
    "county": "San Diego"
  },
  "92105": {
    "city": "San Diego",
    "county": "San Diego"
  },
  "92106": {
    "city": "San Diego",
    "county": "San Diego"
  },
  "92107": {
    "city": "San Diego",
    "county": "San Diego"
  },
  "92108": {
    "city": "San Diego",
    "county": "San Diego"
  },
  "92109": {
    "city": "San Diego",
    "county": "San Diego"
  },
  "92110": {
    "city": "San Diego",
    "county": "San Diego"
  },
  "92111": {
    "city": "San Diego",
    "county": "San Diego"
  },
  "92113": {
    "city": "San Diego",
    "county": "San Diego"
  },
  "92114": {
    "city": "San Diego",
    "county": "San Diego"
  },
  "92115": {
    "city": "San Diego",
    "county": "San Diego"
  },
  "92116": {
    "city": "San Diego",
    "county": "San Diego"
  },
  "92117": {
    "city": "San Diego",
    "county": "San Diego"
  },
  "92118": {
    "city": "Coronado",
    "county": "San Diego"
  },
  "92119": {
    "city": "San Diego",
    "county": "San Diego"
  },
  "92120": {
    "city": "San Diego",
    "county": "San Diego"
  },
  "92121": {
    "city": "San Diego",
    "county": "San Diego"
  },
  "92122": {
    "city": "San Diego",
    "county": "San Diego"
  },
  "92123": {
    "city": "San Diego",
    "county": "San Diego"
  },
  "92124": {
    "city": "San Diego",
    "county": "San Diego"
  },
  "92126": {
    "city": "San Diego",
    "county": "San Diego"
  },
  "92127": {
    "city": "San Diego",
    "county": "San Diego"
  },
  "92128": {
    "city": "San Diego",
    "county": "San Diego"
  },
  "92129": {
    "city": "San Diego",
    "county": "San Diego"
  },
  "92130": {
    "city": "San Diego",
    "county": "San Diego"
  },
  "92131": {
    "city": "San Diego",
    "county": "San Diego"
  },
  "92132": {
    "city": "San Diego",
    "county": "San Diego"
  },
  "92134": {
    "city": "San Diego",
    "county": "San Diego"
  },
  "92135": {
    "city": "San Diego",
    "county": "San Diego"
  },
  "92136": {
    "city": "San Diego",
    "county": "San Diego"
  },
  "92139": {
    "city": "San Diego",
    "county": "San Diego"
  },
  "92140": {
    "city": "San Diego",
    "county": "San Diego"
  },
  "92145": {
    "city": "San Diego",
    "county": "San Diego"
  },
  "92154": {
    "city": "San Diego",
    "county": "San Diego"
  },
  "92201": {
    "city": "Indio",
    "county": "Riverside"
  },
  "92203": {
    "city": "Indio",
    "county": "Riverside"
  },
  "92210": {
    "city": "Indian Wells",
    "county": "Riverside"
  },
  "92211": {
    "city": "Palm Desert",
    "county": "Riverside"
  },
  "92220": {
    "city": "Banning",
    "county": "Riverside"
  },
  "92223": {
    "city": "Beaumont",
    "county": "Riverside"
  },
  "92225": {
    "city": "Blythe",
    "county": "Riverside"
  },
  "92230": {
    "city": "Cabazon",
    "county": "Riverside"
  },
  "92234": {
    "city": "Cathedral City",
    "county": "Riverside"
  },
  "92236": {
    "city": "Coachella",
    "county": "Riverside"
  },
  "92240": {
    "city": "Desert Hot Springs",
    "county": "Riverside"
  },
  "92243": {
    "city": "El Centro",
    "county": "Imperial"
  },
  "92249": {
    "city": "Heber",
    "county": "Imperial"
  },
  "92253": {
    "city": "La Quinta",
    "county": "Riverside"
  },
  "92260": {
    "city": "Palm Desert",
    "county": "Riverside"
  },
  "92262": {
    "city": "Palm Springs",
    "county": "Riverside"
  },
  "92264": {
    "city": "Palm Springs",
    "county": "Riverside"
  },
  "92270": {
    "city": "Rancho Mirage",
    "county": "Riverside"
  },
  "92274": {
    "city": "Thermal",
    "county": "Riverside"
  },
  "92276": {
    "city": "Thousand Palms",
    "county": "Riverside"
  },
  "92284": {
    "city": "Yucca Valley",
    "county": "San Bernardino"
  },
  "92301": {
    "city": "Adelanto",
    "county": "San Bernardino"
  },
  "92307": {
    "city": "Apple Valley",
    "county": "San Bernardino"
  },
  "92308": {
    "city": "Apple Valley",
    "county": "San Bernardino"
  },
  "92311": {
    "city": "Barstow",
    "county": "San Bernardino"
  },
  "92313": {
    "city": "Grand Terrace",
    "county": "San Bernardino"
  },
  "92316": {
    "city": "Bloomington",
    "county": "San Bernardino"
  },
  "92335": {
    "city": "Fontana",
    "county": "San Bernardino"
  },
  "92336": {
    "city": "Fontana",
    "county": "San Bernardino"
  },
  "92337": {
    "city": "Fontana",
    "county": "San Bernardino"
  },
  "92344": {
    "city": "Hesperia",
    "county": "San Bernardino"
  },
  "92345": {
    "city": "Hesperia",
    "county": "San Bernardino"
  },
  "92346": {
    "city": "Highland",
    "county": "San Bernardino"
  },
  "92352": {
    "city": "Lake Arrowhead",
    "county": "San Bernardino"
  },
  "92354": {
    "city": "Loma Linda",
    "county": "San Bernardino"
  },
  "92358": {
    "city": "Lytle Creek",
    "county": "San Bernardino"
  },
  "92359": {
    "city": "Mentone",
    "county": "San Bernardino"
  },
  "92371": {
    "city": "Phelan",
    "county": "San Bernardino"
  },
  "92373": {
    "city": "Redlands",
    "county": "San Bernardino"
  },
  "92374": {
    "city": "Redlands",
    "county": "San Bernardino"
  },
  "92376": {
    "city": "Rialto",
    "county": "San Bernardino"
  },
  "92377": {
    "city": "Rialto",
    "county": "San Bernardino"
  },
  "92392": {
    "city": "Victorville",
    "county": "San Bernardino"
  },
  "92394": {
    "city": "Victorville",
    "county": "San Bernardino"
  },
  "92395": {
    "city": "Victorville",
    "county": "San Bernardino"
  },
  "92399": {
    "city": "Yucaipa",
    "county": "San Bernardino"
  },
  "92401": {
    "city": "San Bernardino",
    "county": "San Bernardino"
  },
  "92404": {
    "city": "San Bernardino",
    "county": "San Bernardino"
  },
  "92405": {
    "city": "San Bernardino",
    "county": "San Bernardino"
  },
  "92407": {
    "city": "San Bernardino",
    "county": "San Bernardino"
  },
  "92408": {
    "city": "San Bernardino",
    "county": "San Bernardino"
  },
  "92410": {
    "city": "San Bernardino",
    "county": "San Bernardino"
  },
  "92411": {
    "city": "San Bernardino",
    "county": "San Bernardino"
  },
  "92501": {
    "city": "Riverside",
    "county": "Riverside"
  },
  "92503": {
    "city": "Riverside",
    "county": "Riverside"
  },
  "92504": {
    "city": "Riverside",
    "county": "Riverside"
  },
  "92505": {
    "city": "Riverside",
    "county": "Riverside"
  },
  "92506": {
    "city": "Riverside",
    "county": "Riverside"
  },
  "92507": {
    "city": "Riverside",
    "county": "Riverside"
  },
  "92508": {
    "city": "Riverside",
    "county": "Riverside"
  },
  "92509": {
    "city": "Jurupa Valley",
    "county": "Riverside"
  },
  "92530": {
    "city": "Lake Elsinore",
    "county": "Riverside"
  },
  "92532": {
    "city": "Lake Elsinore",
    "county": "Riverside"
  },
  "92536": {
    "city": "Aguanga",
    "county": "Riverside"
  },
  "92543": {
    "city": "Hemet",
    "county": "Riverside"
  },
  "92544": {
    "city": "Hemet",
    "county": "Riverside"
  },
  "92545": {
    "city": "Hemet",
    "county": "Riverside"
  },
  "92548": {
    "city": "Homeland",
    "county": "Riverside"
  },
  "92551": {
    "city": "Moreno Valley",
    "county": "Riverside"
  },
  "92553": {
    "city": "Moreno Valley",
    "county": "Riverside"
  },
  "92555": {
    "city": "Moreno Valley",
    "county": "Riverside"
  },
  "92557": {
    "city": "Moreno Valley",
    "county": "Riverside"
  },
  "92562": {
    "city": "Murrieta",
    "county": "Riverside"
  },
  "92563": {
    "city": "Murrieta",
    "county": "Riverside"
  },
  "92567": {
    "city": "Nuevo",
    "county": "Riverside"
  },
  "92570": {
    "city": "Perris",
    "county": "Riverside"
  },
  "92571": {
    "city": "Perris",
    "county": "Riverside"
  },
  "92582": {
    "city": "San Jacinto",
    "county": "Riverside"
  },
  "92583": {
    "city": "San Jacinto",
    "county": "Riverside"
  },
  "92584": {
    "city": "Menifee",
    "county": "Riverside"
  },
  "92585": {
    "city": "Menifee",
    "county": "Riverside"
  },
  "92586": {
    "city": "Menifee",
    "county": "Riverside"
  },
  "92587": {
    "city": "Menifee",
    "county": "Riverside"
  },
  "92590": {
    "city": "Temecula",
    "county": "Riverside"
  },
  "92591": {
    "city": "Temecula",
    "county": "Riverside"
  },
  "92592": {
    "city": "Temecula",
    "county": "Riverside"
  },
  "92595": {
    "city": "Wildomar",
    "county": "Riverside"
  },
  "92596": {
    "city": "Murrieta",
    "county": "Riverside"
  },
  "92602": {
    "city": "Irvine",
    "county": "Orange"
  },
  "92603": {
    "city": "Irvine",
    "county": "Orange"
  },
  "92604": {
    "city": "Irvine",
    "county": "Orange"
  },
  "92606": {
    "city": "Irvine",
    "county": "Orange"
  },
  "92610": {
    "city": "Foothill Ranch",
    "county": "Orange"
  },
  "92612": {
    "city": "Irvine",
    "county": "Orange"
  },
  "92614": {
    "city": "Irvine",
    "county": "Orange"
  },
  "92618": {
    "city": "Irvine",
    "county": "Orange"
  },
  "92620": {
    "city": "Irvine",
    "county": "Orange"
  },
  "92625": {
    "city": "Corona del Mar",
    "county": "Orange"
  },
  "92626": {
    "city": "Costa Mesa",
    "county": "Orange"
  },
  "92627": {
    "city": "Costa Mesa",
    "county": "Orange"
  },
  "92630": {
    "city": "Lake Forest",
    "county": "Orange"
  },
  "92637": {
    "city": "Laguna Woods",
    "county": "Orange"
  },
  "92646": {
    "city": "Huntington Beach",
    "county": "Orange"
  },
  "92647": {
    "city": "Huntington Beach",
    "county": "Orange"
  },
  "92648": {
    "city": "Huntington Beach",
    "county": "Orange"
  },
  "92649": {
    "city": "Huntington Beach",
    "county": "Orange"
  },
  "92651": {
    "city": "Laguna Beach",
    "county": "Orange"
  },
  "92653": {
    "city": "Laguna Hills",
    "county": "Orange"
  },
  "92655": {
    "city": "Midway City",
    "county": "Orange"
  },
  "92656": {
    "city": "Aliso Viejo",
    "county": "Orange"
  },
  "92657": {
    "city": "Newport Coast",
    "county": "Orange"
  },
  "92660": {
    "city": "Newport Beach",
    "county": "Orange"
  },
  "92661": {
    "city": "Newport Beach",
    "county": "Orange"
  },
  "92662": {
    "city": "Newport Beach",
    "county": "Orange"
  },
  "92663": {
    "city": "Newport Beach",
    "county": "Orange"
  },
  "92672": {
    "city": "San Clemente",
    "county": "Orange"
  },
  "92673": {
    "city": "San Juan Capistrano",
    "county": "Orange"
  },
  "92675": {
    "city": "San Juan Capistrano",
    "county": "Orange"
  },
  "92676": {
    "city": "Silverado",
    "county": "Orange"
  },
  "92677": {
    "city": "Laguna Niguel",
    "county": "Orange"
  },
  "92679": {
    "city": "Trabuco Canyon",
    "county": "Orange"
  },
  "92683": {
    "city": "Westminster",
    "county": "Orange"
  },
  "92688": {
    "city": "Rancho Santa Margarita",
    "county": "Orange"
  },
  "92691": {
    "city": "Mission Viejo",
    "county": "Orange"
  },
  "92692": {
    "city": "Mission Viejo",
    "county": "Orange"
  },
  "92694": {
    "city": "Ladera Ranch",
    "county": "Orange"
  },
  "92701": {
    "city": "Santa Ana",
    "county": "Orange"
  },
  "92703": {
    "city": "Santa Ana",
    "county": "Orange"
  },
  "92704": {
    "city": "Santa Ana",
    "county": "Orange"
  },
  "92705": {
    "city": "Santa Ana",
    "county": "Orange"
  },
  "92706": {
    "city": "Santa Ana",
    "county": "Orange"
  },
  "92707": {
    "city": "Santa Ana",
    "county": "Orange"
  },
  "92708": {
    "city": "Fountain Valley",
    "county": "Orange"
  },
  "92780": {
    "city": "Tustin",
    "county": "Orange"
  },
  "92782": {
    "city": "Tustin",
    "county": "Orange"
  },
  "92801": {
    "city": "Anaheim",
    "county": "Orange"
  },
  "92802": {
    "city": "Anaheim",
    "county": "Orange"
  },
  "92804": {
    "city": "Anaheim",
    "county": "Orange"
  },
  "92805": {
    "city": "Anaheim",
    "county": "Orange"
  },
  "92806": {
    "city": "Anaheim",
    "county": "Orange"
  },
  "92807": {
    "city": "Anaheim",
    "county": "Orange"
  },
  "92808": {
    "city": "Anaheim",
    "county": "Orange"
  },
  "92821": {
    "city": "Brea",
    "county": "Orange"
  },
  "92831": {
    "city": "Fullerton",
    "county": "Orange"
  },
  "92832": {
    "city": "Fullerton",
    "county": "Orange"
  },
  "92833": {
    "city": "Fullerton",
    "county": "Orange"
  },
  "92835": {
    "city": "Fullerton",
    "county": "Orange"
  },
  "92840": {
    "city": "Garden Grove",
    "county": "Orange"
  },
  "92841": {
    "city": "Garden Grove",
    "county": "Orange"
  },
  "92843": {
    "city": "Garden Grove",
    "county": "Orange"
  },
  "92844": {
    "city": "Garden Grove",
    "county": "Orange"
  },
  "92845": {
    "city": "Garden Grove",
    "county": "Orange"
  },
  "92860": {
    "city": "Norco",
    "county": "Riverside"
  },
  "92861": {
    "city": "Villa Park",
    "county": "Orange"
  },
  "92865": {
    "city": "Orange",
    "county": "Orange"
  },
  "92866": {
    "city": "Orange",
    "county": "Orange"
  },
  "92867": {
    "city": "Orange",
    "county": "Orange"
  },
  "92868": {
    "city": "Orange",
    "county": "Orange"
  },
  "92869": {
    "city": "Orange",
    "county": "Orange"
  },
  "92870": {
    "city": "Placentia",
    "county": "Orange"
  },
  "92879": {
    "city": "Corona",
    "county": "Riverside"
  },
  "92880": {
    "city": "Corona",
    "county": "Riverside"
  },
  "92881": {
    "city": "Corona",
    "county": "Riverside"
  },
  "92882": {
    "city": "Corona",
    "county": "Riverside"
  },
  "92883": {
    "city": "Corona",
    "county": "Riverside"
  },
  "92886": {
    "city": "Yorba Linda",
    "county": "Orange"
  },
  "92887": {
    "city": "Yorba Linda",
    "county": "Orange"
  },
  "93001": {
    "city": "Ventura",
    "county": "Ventura"
  },
  "93003": {
    "city": "Ventura",
    "county": "Ventura"
  },
  "93004": {
    "city": "Ventura",
    "county": "Ventura"
  },
  "93010": {
    "city": "Camarillo",
    "county": "Ventura"
  },
  "93012": {
    "city": "Camarillo",
    "county": "Ventura"
  },
  "93015": {
    "city": "Fillmore",
    "county": "Ventura"
  },
  "93021": {
    "city": "Moorpark",
    "county": "Ventura"
  },
  "93030": {
    "city": "Oxnard",
    "county": "Ventura"
  },
  "93033": {
    "city": "Oxnard",
    "county": "Ventura"
  },
  "93035": {
    "city": "Oxnard",
    "county": "Ventura"
  },
  "93036": {
    "city": "Oxnard",
    "county": "Ventura"
  },
  "93041": {
    "city": "Port Hueneme",
    "county": "Ventura"
  },
  "93060": {
    "city": "Santa Paula",
    "county": "Ventura"
  },
  "93063": {
    "city": "Simi Valley",
    "county": "Ventura"
  },
  "93065": {
    "city": "Simi Valley",
    "county": "Ventura"
  },
  "93101": {
    "city": "Santa Barbara",
    "county": "Santa Barbara"
  },
  "93103": {
    "city": "Santa Barbara",
    "county": "Santa Barbara"
  },
  "93105": {
    "city": "Santa Barbara",
    "county": "Santa Barbara"
  },
  "93108": {
    "city": "Santa Barbara",
    "county": "Santa Barbara"
  },
  "93109": {
    "city": "Santa Barbara",
    "county": "Santa Barbara"
  },
  "93110": {
    "city": "Santa Barbara",
    "county": "Santa Barbara"
  },
  "93111": {
    "city": "Santa Barbara",
    "county": "Santa Barbara"
  },
  "93117": {
    "city": "Goleta",
    "county": "Santa Barbara"
  },
  "93201": {
    "city": "Alpaugh",
    "county": "Tulare"
  },
  "93230": {
    "city": "Hanford",
    "county": "Kings"
  },
  "93245": {
    "city": "Lemoore",
    "county": "Kings"
  },
  "93257": {
    "city": "Porterville",
    "county": "Tulare"
  },
  "93274": {
    "city": "Tulare",
    "county": "Tulare"
  },
  "93277": {
    "city": "Visalia",
    "county": "Tulare"
  },
  "93291": {
    "city": "Visalia",
    "county": "Tulare"
  },
  "93301": {
    "city": "Bakersfield",
    "county": "Kern"
  },
  "93304": {
    "city": "Bakersfield",
    "county": "Kern"
  },
  "93305": {
    "city": "Bakersfield",
    "county": "Kern"
  },
  "93306": {
    "city": "Bakersfield",
    "county": "Kern"
  },
  "93307": {
    "city": "Bakersfield",
    "county": "Kern"
  },
  "93308": {
    "city": "Bakersfield",
    "county": "Kern"
  },
  "93309": {
    "city": "Bakersfield",
    "county": "Kern"
  },
  "93311": {
    "city": "Bakersfield",
    "county": "Kern"
  },
  "93312": {
    "city": "Bakersfield",
    "county": "Kern"
  },
  "93313": {
    "city": "Bakersfield",
    "county": "Kern"
  },
  "93314": {
    "city": "Bakersfield",
    "county": "Kern"
  },
  "93401": {
    "city": "San Luis Obispo",
    "county": "San Luis Obispo"
  },
  "93405": {
    "city": "San Luis Obispo",
    "county": "San Luis Obispo"
  },
  "93420": {
    "city": "Arroyo Grande",
    "county": "San Luis Obispo"
  },
  "93422": {
    "city": "Atascadero",
    "county": "San Luis Obispo"
  },
  "93428": {
    "city": "Cambria",
    "county": "San Luis Obispo"
  },
  "93433": {
    "city": "Grover Beach",
    "county": "San Luis Obispo"
  },
  "93436": {
    "city": "Lompoc",
    "county": "Santa Barbara"
  },
  "93442": {
    "city": "Morro Bay",
    "county": "San Luis Obispo"
  },
  "93446": {
    "city": "Paso Robles",
    "county": "San Luis Obispo"
  },
  "93449": {
    "city": "Pismo Beach",
    "county": "San Luis Obispo"
  },
  "93454": {
    "city": "Santa Maria",
    "county": "Santa Barbara"
  },
  "93455": {
    "city": "Santa Maria",
    "county": "Santa Barbara"
  },
  "93458": {
    "city": "Santa Maria",
    "county": "Santa Barbara"
  },
  "93534": {
    "city": "Lancaster",
    "county": "Los Angeles"
  },
  "93535": {
    "city": "Lancaster",
    "county": "Los Angeles"
  },
  "93536": {
    "city": "Lancaster",
    "county": "Los Angeles"
  },
  "93550": {
    "city": "Palmdale",
    "county": "Los Angeles"
  },
  "93551": {
    "city": "Palmdale",
    "county": "Los Angeles"
  },
  "93552": {
    "city": "Palmdale",
    "county": "Los Angeles"
  },
  "93555": {
    "city": "Ridgecrest",
    "county": "Kern"
  },
  "93591": {
    "city": "Palmdale",
    "county": "Los Angeles"
  },
  "93611": {
    "city": "Clovis",
    "county": "Fresno"
  },
  "93612": {
    "city": "Clovis",
    "county": "Fresno"
  },
  "93619": {
    "city": "Clovis",
    "county": "Fresno"
  },
  "93625": {
    "city": "Fowler",
    "county": "Fresno"
  },
  "93630": {
    "city": "Kerman",
    "county": "Fresno"
  },
  "93637": {
    "city": "Madera",
    "county": "Madera"
  },
  "93638": {
    "city": "Madera",
    "county": "Madera"
  },
  "93650": {
    "city": "Fresno",
    "county": "Fresno"
  },
  "93654": {
    "city": "Reedley",
    "county": "Fresno"
  },
  "93657": {
    "city": "Sanger",
    "county": "Fresno"
  },
  "93662": {
    "city": "Selma",
    "county": "Fresno"
  },
  "93701": {
    "city": "Fresno",
    "county": "Fresno"
  },
  "93702": {
    "city": "Fresno",
    "county": "Fresno"
  },
  "93703": {
    "city": "Fresno",
    "county": "Fresno"
  },
  "93704": {
    "city": "Fresno",
    "county": "Fresno"
  },
  "93705": {
    "city": "Fresno",
    "county": "Fresno"
  },
  "93706": {
    "city": "Fresno",
    "county": "Fresno"
  },
  "93710": {
    "city": "Fresno",
    "county": "Fresno"
  },
  "93711": {
    "city": "Fresno",
    "county": "Fresno"
  },
  "93720": {
    "city": "Fresno",
    "county": "Fresno"
  },
  "93722": {
    "city": "Fresno",
    "county": "Fresno"
  },
  "93726": {
    "city": "Fresno",
    "county": "Fresno"
  },
  "93727": {
    "city": "Fresno",
    "county": "Fresno"
  },
  "93728": {
    "city": "Fresno",
    "county": "Fresno"
  },
  "93730": {
    "city": "Fresno",
    "county": "Fresno"
  },
  "93901": {
    "city": "Salinas",
    "county": "Monterey"
  },
  "93905": {
    "city": "Salinas",
    "county": "Monterey"
  },
  "93906": {
    "city": "Salinas",
    "county": "Monterey"
  },
  "93907": {
    "city": "Salinas",
    "county": "Monterey"
  },
  "93908": {
    "city": "Salinas",
    "county": "Monterey"
  },
  "93921": {
    "city": "Carmel By The Sea",
    "county": "Monterey"
  },
  "93923": {
    "city": "Carmel",
    "county": "Monterey"
  },
  "93933": {
    "city": "Marina",
    "county": "Monterey"
  },
  "93940": {
    "city": "Monterey",
    "county": "Monterey"
  },
  "93950": {
    "city": "Pacific Grove",
    "county": "Monterey"
  },
  "93955": {
    "city": "Seaside",
    "county": "Monterey"
  },
  "94010": {
    "city": "Burlingame",
    "county": "San Mateo"
  },
  "94014": {
    "city": "Daly City",
    "county": "San Mateo"
  },
  "94015": {
    "city": "Daly City",
    "county": "San Mateo"
  },
  "94016": {
    "city": "Daly City",
    "county": "San Mateo"
  },
  "94019": {
    "city": "Half Moon Bay",
    "county": "San Mateo"
  },
  "94025": {
    "city": "Menlo Park",
    "county": "San Mateo"
  },
  "94027": {
    "city": "Atherton",
    "county": "San Mateo"
  },
  "94028": {
    "city": "Portola Valley",
    "county": "San Mateo"
  },
  "94030": {
    "city": "Millbrae",
    "county": "San Mateo"
  },
  "94040": {
    "city": "Mountain View",
    "county": "Santa Clara"
  },
  "94041": {
    "city": "Mountain View",
    "county": "Santa Clara"
  },
  "94043": {
    "city": "Mountain View",
    "county": "Santa Clara"
  },
  "94044": {
    "city": "Pacifica",
    "county": "San Mateo"
  },
  "94060": {
    "city": "Pescadero",
    "county": "San Mateo"
  },
  "94061": {
    "city": "Redwood City",
    "county": "San Mateo"
  },
  "94062": {
    "city": "Redwood City",
    "county": "San Mateo"
  },
  "94063": {
    "city": "Redwood City",
    "county": "San Mateo"
  },
  "94065": {
    "city": "Redwood City",
    "county": "San Mateo"
  },
  "94066": {
    "city": "San Bruno",
    "county": "San Mateo"
  },
  "94070": {
    "city": "San Carlos",
    "county": "San Mateo"
  },
  "94080": {
    "city": "South San Francisco",
    "county": "San Mateo"
  },
  "94085": {
    "city": "Sunnyvale",
    "county": "Santa Clara"
  },
  "94086": {
    "city": "Sunnyvale",
    "county": "Santa Clara"
  },
  "94087": {
    "city": "Sunnyvale",
    "county": "Santa Clara"
  },
  "94089": {
    "city": "Sunnyvale",
    "county": "Santa Clara"
  },
  "94102": {
    "city": "San Francisco",
    "county": "San Francisco"
  },
  "94103": {
    "city": "San Francisco",
    "county": "San Francisco"
  },
  "94104": {
    "city": "San Francisco",
    "county": "San Francisco"
  },
  "94105": {
    "city": "San Francisco",
    "county": "San Francisco"
  },
  "94107": {
    "city": "San Francisco",
    "county": "San Francisco"
  },
  "94108": {
    "city": "San Francisco",
    "county": "San Francisco"
  },
  "94109": {
    "city": "San Francisco",
    "county": "San Francisco"
  },
  "94110": {
    "city": "San Francisco",
    "county": "San Francisco"
  },
  "94111": {
    "city": "San Francisco",
    "county": "San Francisco"
  },
  "94112": {
    "city": "San Francisco",
    "county": "San Francisco"
  },
  "94114": {
    "city": "San Francisco",
    "county": "San Francisco"
  },
  "94115": {
    "city": "San Francisco",
    "county": "San Francisco"
  },
  "94116": {
    "city": "San Francisco",
    "county": "San Francisco"
  },
  "94117": {
    "city": "San Francisco",
    "county": "San Francisco"
  },
  "94118": {
    "city": "San Francisco",
    "county": "San Francisco"
  },
  "94121": {
    "city": "San Francisco",
    "county": "San Francisco"
  },
  "94122": {
    "city": "San Francisco",
    "county": "San Francisco"
  },
  "94123": {
    "city": "San Francisco",
    "county": "San Francisco"
  },
  "94124": {
    "city": "San Francisco",
    "county": "San Francisco"
  },
  "94127": {
    "city": "San Francisco",
    "county": "San Francisco"
  },
  "94131": {
    "city": "San Francisco",
    "county": "San Francisco"
  },
  "94132": {
    "city": "San Francisco",
    "county": "San Francisco"
  },
  "94133": {
    "city": "San Francisco",
    "county": "San Francisco"
  },
  "94134": {
    "city": "San Francisco",
    "county": "San Francisco"
  },
  "94158": {
    "city": "San Francisco",
    "county": "San Francisco"
  },
  "94301": {
    "city": "Palo Alto",
    "county": "Santa Clara"
  },
  "94303": {
    "city": "Palo Alto",
    "county": "Santa Clara"
  },
  "94304": {
    "city": "Palo Alto",
    "county": "Santa Clara"
  },
  "94305": {
    "city": "Stanford",
    "county": "Santa Clara"
  },
  "94306": {
    "city": "Palo Alto",
    "county": "Santa Clara"
  },
  "94401": {
    "city": "San Mateo",
    "county": "San Mateo"
  },
  "94402": {
    "city": "San Mateo",
    "county": "San Mateo"
  },
  "94403": {
    "city": "San Mateo",
    "county": "San Mateo"
  },
  "94404": {
    "city": "San Mateo",
    "county": "San Mateo"
  },
  "94501": {
    "city": "Alameda",
    "county": "Alameda"
  },
  "94502": {
    "city": "Alameda",
    "county": "Alameda"
  },
  "94506": {
    "city": "Danville",
    "county": "Contra Costa"
  },
  "94507": {
    "city": "Alamo",
    "county": "Contra Costa"
  },
  "94509": {
    "city": "Antioch",
    "county": "Contra Costa"
  },
  "94510": {
    "city": "Benicia",
    "county": "Solano"
  },
  "94513": {
    "city": "Brentwood",
    "county": "Contra Costa"
  },
  "94517": {
    "city": "Clayton",
    "county": "Contra Costa"
  },
  "94518": {
    "city": "Concord",
    "county": "Contra Costa"
  },
  "94519": {
    "city": "Concord",
    "county": "Contra Costa"
  },
  "94520": {
    "city": "Concord",
    "county": "Contra Costa"
  },
  "94521": {
    "city": "Concord",
    "county": "Contra Costa"
  },
  "94523": {
    "city": "Pleasant Hill",
    "county": "Contra Costa"
  },
  "94525": {
    "city": "Crockett",
    "county": "Contra Costa"
  },
  "94526": {
    "city": "Danville",
    "county": "Contra Costa"
  },
  "94530": {
    "city": "El Cerrito",
    "county": "Contra Costa"
  },
  "94531": {
    "city": "Antioch",
    "county": "Contra Costa"
  },
  "94533": {
    "city": "Fairfield",
    "county": "Solano"
  },
  "94534": {
    "city": "Fairfield",
    "county": "Solano"
  },
  "94536": {
    "city": "Fremont",
    "county": "Alameda"
  },
  "94538": {
    "city": "Fremont",
    "county": "Alameda"
  },
  "94539": {
    "city": "Fremont",
    "county": "Alameda"
  },
  "94541": {
    "city": "Hayward",
    "county": "Alameda"
  },
  "94542": {
    "city": "Hayward",
    "county": "Alameda"
  },
  "94544": {
    "city": "Hayward",
    "county": "Alameda"
  },
  "94545": {
    "city": "Hayward",
    "county": "Alameda"
  },
  "94546": {
    "city": "Castro Valley",
    "county": "Alameda"
  },
  "94547": {
    "city": "Hercules",
    "county": "Contra Costa"
  },
  "94549": {
    "city": "Lafayette",
    "county": "Contra Costa"
  },
  "94550": {
    "city": "Livermore",
    "county": "Alameda"
  },
  "94551": {
    "city": "Livermore",
    "county": "Alameda"
  },
  "94553": {
    "city": "Martinez",
    "county": "Contra Costa"
  },
  "94555": {
    "city": "Fremont",
    "county": "Alameda"
  },
  "94556": {
    "city": "Moraga",
    "county": "Contra Costa"
  },
  "94558": {
    "city": "Napa",
    "county": "Napa"
  },
  "94559": {
    "city": "Napa",
    "county": "Napa"
  },
  "94560": {
    "city": "Newark",
    "county": "Alameda"
  },
  "94561": {
    "city": "Oakley",
    "county": "Contra Costa"
  },
  "94563": {
    "city": "Orinda",
    "county": "Contra Costa"
  },
  "94564": {
    "city": "Pinole",
    "county": "Contra Costa"
  },
  "94565": {
    "city": "Pittsburg",
    "county": "Contra Costa"
  },
  "94566": {
    "city": "Pleasanton",
    "county": "Alameda"
  },
  "94568": {
    "city": "Dublin",
    "county": "Alameda"
  },
  "94572": {
    "city": "Rodeo",
    "county": "Contra Costa"
  },
  "94574": {
    "city": "Saint Helena",
    "county": "Napa"
  },
  "94577": {
    "city": "San Leandro",
    "county": "Alameda"
  },
  "94578": {
    "city": "San Leandro",
    "county": "Alameda"
  },
  "94579": {
    "city": "San Leandro",
    "county": "Alameda"
  },
  "94580": {
    "city": "San Lorenzo",
    "county": "Alameda"
  },
  "94583": {
    "city": "San Ramon",
    "county": "Contra Costa"
  },
  "94585": {
    "city": "Suisun City",
    "county": "Solano"
  },
  "94587": {
    "city": "Union City",
    "county": "Alameda"
  },
  "94588": {
    "city": "Pleasanton",
    "county": "Alameda"
  },
  "94590": {
    "city": "Vallejo",
    "county": "Solano"
  },
  "94591": {
    "city": "Vallejo",
    "county": "Solano"
  },
  "94592": {
    "city": "Vallejo",
    "county": "Solano"
  },
  "94595": {
    "city": "Walnut Creek",
    "county": "Contra Costa"
  },
  "94596": {
    "city": "Walnut Creek",
    "county": "Contra Costa"
  },
  "94597": {
    "city": "Walnut Creek",
    "county": "Contra Costa"
  },
  "94598": {
    "city": "Walnut Creek",
    "county": "Contra Costa"
  },
  "94599": {
    "city": "Yountville",
    "county": "Napa"
  },
  "94601": {
    "city": "Oakland",
    "county": "Alameda"
  },
  "94602": {
    "city": "Oakland",
    "county": "Alameda"
  },
  "94603": {
    "city": "Oakland",
    "county": "Alameda"
  },
  "94605": {
    "city": "Oakland",
    "county": "Alameda"
  },
  "94606": {
    "city": "Oakland",
    "county": "Alameda"
  },
  "94607": {
    "city": "Oakland",
    "county": "Alameda"
  },
  "94608": {
    "city": "Emeryville",
    "county": "Alameda"
  },
  "94609": {
    "city": "Oakland",
    "county": "Alameda"
  },
  "94610": {
    "city": "Oakland",
    "county": "Alameda"
  },
  "94611": {
    "city": "Oakland",
    "county": "Alameda"
  },
  "94612": {
    "city": "Oakland",
    "county": "Alameda"
  },
  "94618": {
    "city": "Oakland",
    "county": "Alameda"
  },
  "94619": {
    "city": "Oakland",
    "county": "Alameda"
  },
  "94621": {
    "city": "Oakland",
    "county": "Alameda"
  },
  "94702": {
    "city": "Berkeley",
    "county": "Alameda"
  },
  "94703": {
    "city": "Berkeley",
    "county": "Alameda"
  },
  "94704": {
    "city": "Berkeley",
    "county": "Alameda"
  },
  "94705": {
    "city": "Berkeley",
    "county": "Alameda"
  },
  "94706": {
    "city": "Albany",
    "county": "Alameda"
  },
  "94707": {
    "city": "Berkeley",
    "county": "Alameda"
  },
  "94708": {
    "city": "Berkeley",
    "county": "Alameda"
  },
  "94709": {
    "city": "Berkeley",
    "county": "Alameda"
  },
  "94710": {
    "city": "Berkeley",
    "county": "Alameda"
  },
  "94720": {
    "city": "Berkeley",
    "county": "Alameda"
  },
  "94801": {
    "city": "Richmond",
    "county": "Contra Costa"
  },
  "94803": {
    "city": "El Cerrito",
    "county": "Contra Costa"
  },
  "94804": {
    "city": "Richmond",
    "county": "Contra Costa"
  },
  "94805": {
    "city": "Richmond",
    "county": "Contra Costa"
  },
  "94806": {
    "city": "San Pablo",
    "county": "Contra Costa"
  },
  "94850": {
    "city": "Richmond",
    "county": "Contra Costa"
  },
  "94901": {
    "city": "San Rafael",
    "county": "Marin"
  },
  "94903": {
    "city": "San Rafael",
    "county": "Marin"
  },
  "94904": {
    "city": "Greenbrae",
    "county": "Marin"
  },
  "94920": {
    "city": "Tiburon",
    "county": "Marin"
  },
  "94925": {
    "city": "Corte Madera",
    "county": "Marin"
  },
  "94930": {
    "city": "Fairfax",
    "county": "Marin"
  },
  "94939": {
    "city": "Larkspur",
    "county": "Marin"
  },
  "94941": {
    "city": "Mill Valley",
    "county": "Marin"
  },
  "94945": {
    "city": "Novato",
    "county": "Marin"
  },
  "94947": {
    "city": "Novato",
    "county": "Marin"
  },
  "94949": {
    "city": "Novato",
    "county": "Marin"
  },
  "94952": {
    "city": "Petaluma",
    "county": "Sonoma"
  },
  "94954": {
    "city": "Petaluma",
    "county": "Sonoma"
  },
  "94960": {
    "city": "San Anselmo",
    "county": "Marin"
  },
  "94965": {
    "city": "Sausalito",
    "county": "Marin"
  },
  "95002": {
    "city": "Alviso",
    "county": "Santa Clara"
  },
  "95008": {
    "city": "Campbell",
    "county": "Santa Clara"
  },
  "95014": {
    "city": "Cupertino",
    "county": "Santa Clara"
  },
  "95020": {
    "city": "Gilroy",
    "county": "Santa Clara"
  },
  "95030": {
    "city": "Los Gatos",
    "county": "Santa Clara"
  },
  "95032": {
    "city": "Los Gatos",
    "county": "Santa Clara"
  },
  "95033": {
    "city": "Los Gatos",
    "county": "Santa Clara"
  },
  "95035": {
    "city": "Milpitas",
    "county": "Santa Clara"
  },
  "95037": {
    "city": "Morgan Hill",
    "county": "Santa Clara"
  },
  "95050": {
    "city": "Santa Clara",
    "county": "Santa Clara"
  },
  "95051": {
    "city": "Santa Clara",
    "county": "Santa Clara"
  },
  "95054": {
    "city": "Santa Clara",
    "county": "Santa Clara"
  },
  "95060": {
    "city": "Santa Cruz",
    "county": "Santa Cruz"
  },
  "95062": {
    "city": "Santa Cruz",
    "county": "Santa Cruz"
  },
  "95064": {
    "city": "Santa Cruz",
    "county": "Santa Cruz"
  },
  "95065": {
    "city": "Santa Cruz",
    "county": "Santa Cruz"
  },
  "95070": {
    "city": "Saratoga",
    "county": "Santa Clara"
  },
  "95076": {
    "city": "Watsonville",
    "county": "Santa Cruz"
  },
  "95110": {
    "city": "San Jose",
    "county": "Santa Clara"
  },
  "95111": {
    "city": "San Jose",
    "county": "Santa Clara"
  },
  "95112": {
    "city": "San Jose",
    "county": "Santa Clara"
  },
  "95113": {
    "city": "San Jose",
    "county": "Santa Clara"
  },
  "95116": {
    "city": "San Jose",
    "county": "Santa Clara"
  },
  "95117": {
    "city": "San Jose",
    "county": "Santa Clara"
  },
  "95118": {
    "city": "San Jose",
    "county": "Santa Clara"
  },
  "95119": {
    "city": "San Jose",
    "county": "Santa Clara"
  },
  "95120": {
    "city": "San Jose",
    "county": "Santa Clara"
  },
  "95121": {
    "city": "San Jose",
    "county": "Santa Clara"
  },
  "95122": {
    "city": "San Jose",
    "county": "Santa Clara"
  },
  "95123": {
    "city": "San Jose",
    "county": "Santa Clara"
  },
  "95124": {
    "city": "San Jose",
    "county": "Santa Clara"
  },
  "95125": {
    "city": "San Jose",
    "county": "Santa Clara"
  },
  "95126": {
    "city": "San Jose",
    "county": "Santa Clara"
  },
  "95127": {
    "city": "San Jose",
    "county": "Santa Clara"
  },
  "95128": {
    "city": "San Jose",
    "county": "Santa Clara"
  },
  "95129": {
    "city": "San Jose",
    "county": "Santa Clara"
  },
  "95130": {
    "city": "San Jose",
    "county": "Santa Clara"
  },
  "95131": {
    "city": "San Jose",
    "county": "Santa Clara"
  },
  "95132": {
    "city": "San Jose",
    "county": "Santa Clara"
  },
  "95133": {
    "city": "San Jose",
    "county": "Santa Clara"
  },
  "95134": {
    "city": "San Jose",
    "county": "Santa Clara"
  },
  "95135": {
    "city": "San Jose",
    "county": "Santa Clara"
  },
  "95136": {
    "city": "San Jose",
    "county": "Santa Clara"
  },
  "95138": {
    "city": "San Jose",
    "county": "Santa Clara"
  },
  "95139": {
    "city": "San Jose",
    "county": "Santa Clara"
  },
  "95140": {
    "city": "San Jose",
    "county": "Santa Clara"
  },
  "95148": {
    "city": "San Jose",
    "county": "Santa Clara"
  },
  "95201": {
    "city": "Stockton",
    "county": "San Joaquin"
  },
  "95202": {
    "city": "Stockton",
    "county": "San Joaquin"
  },
  "95203": {
    "city": "Stockton",
    "county": "San Joaquin"
  },
  "95204": {
    "city": "Stockton",
    "county": "San Joaquin"
  },
  "95205": {
    "city": "Stockton",
    "county": "San Joaquin"
  },
  "95206": {
    "city": "Stockton",
    "county": "San Joaquin"
  },
  "95207": {
    "city": "Stockton",
    "county": "San Joaquin"
  },
  "95209": {
    "city": "Stockton",
    "county": "San Joaquin"
  },
  "95210": {
    "city": "Stockton",
    "county": "San Joaquin"
  },
  "95211": {
    "city": "Stockton",
    "county": "San Joaquin"
  },
  "95212": {
    "city": "Stockton",
    "county": "San Joaquin"
  },
  "95215": {
    "city": "Stockton",
    "county": "San Joaquin"
  },
  "95219": {
    "city": "Stockton",
    "county": "San Joaquin"
  },
  "95220": {
    "city": "Acampo",
    "county": "San Joaquin"
  },
  "95230": {
    "city": "Escalon",
    "county": "San Joaquin"
  },
  "95236": {
    "city": "Lathrop",
    "county": "San Joaquin"
  },
  "95240": {
    "city": "Lodi",
    "county": "San Joaquin"
  },
  "95242": {
    "city": "Lodi",
    "county": "San Joaquin"
  },
  "95301": {
    "city": "Atwater",
    "county": "Merced"
  },
  "95304": {
    "city": "Tracy",
    "county": "San Joaquin"
  },
  "95336": {
    "city": "Manteca",
    "county": "San Joaquin"
  },
  "95337": {
    "city": "Manteca",
    "county": "San Joaquin"
  },
  "95340": {
    "city": "Merced",
    "county": "Merced"
  },
  "95341": {
    "city": "Merced",
    "county": "Merced"
  },
  "95348": {
    "city": "Merced",
    "county": "Merced"
  },
  "95350": {
    "city": "Modesto",
    "county": "Stanislaus"
  },
  "95351": {
    "city": "Modesto",
    "county": "Stanislaus"
  },
  "95354": {
    "city": "Modesto",
    "county": "Stanislaus"
  },
  "95355": {
    "city": "Modesto",
    "county": "Stanislaus"
  },
  "95356": {
    "city": "Modesto",
    "county": "Stanislaus"
  },
  "95357": {
    "city": "Modesto",
    "county": "Stanislaus"
  },
  "95358": {
    "city": "Modesto",
    "county": "Stanislaus"
  },
  "95360": {
    "city": "Newman",
    "county": "Stanislaus"
  },
  "95363": {
    "city": "Patterson",
    "county": "Stanislaus"
  },
  "95365": {
    "city": "Planada",
    "county": "Merced"
  },
  "95376": {
    "city": "Tracy",
    "county": "San Joaquin"
  },
  "95380": {
    "city": "Turlock",
    "county": "Stanislaus"
  },
  "95382": {
    "city": "Turlock",
    "county": "Stanislaus"
  },
  "95388": {
    "city": "Winton",
    "county": "Merced"
  },
  "95401": {
    "city": "Santa Rosa",
    "county": "Sonoma"
  },
  "95403": {
    "city": "Santa Rosa",
    "county": "Sonoma"
  },
  "95404": {
    "city": "Santa Rosa",
    "county": "Sonoma"
  },
  "95405": {
    "city": "Santa Rosa",
    "county": "Sonoma"
  },
  "95407": {
    "city": "Santa Rosa",
    "county": "Sonoma"
  },
  "95409": {
    "city": "Santa Rosa",
    "county": "Sonoma"
  },
  "95425": {
    "city": "Cloverdale",
    "county": "Sonoma"
  },
  "95436": {
    "city": "Forestville",
    "county": "Sonoma"
  },
  "95441": {
    "city": "Healdsburg",
    "county": "Sonoma"
  },
  "95448": {
    "city": "Healdsburg",
    "county": "Sonoma"
  },
  "95452": {
    "city": "Kenwood",
    "county": "Sonoma"
  },
  "95472": {
    "city": "Sebastopol",
    "county": "Sonoma"
  },
  "95476": {
    "city": "Sonoma",
    "county": "Sonoma"
  },
  "95492": {
    "city": "Windsor",
    "county": "Sonoma"
  },
  "95501": {
    "city": "Eureka",
    "county": "Humboldt"
  },
  "95503": {
    "city": "Eureka",
    "county": "Humboldt"
  },
  "95521": {
    "city": "Arcata",
    "county": "Humboldt"
  },
  "95540": {
    "city": "Fortuna",
    "county": "Humboldt"
  },
  "95570": {
    "city": "Trinidad",
    "county": "Humboldt"
  },
  "95610": {
    "city": "Citrus Heights",
    "county": "Sacramento"
  },
  "95615": {
    "city": "Courtland",
    "county": "Sacramento"
  },
  "95618": {
    "city": "Davis",
    "county": "Yolo"
  },
  "95619": {
    "city": "Davis",
    "county": "Yolo"
  },
  "95620": {
    "city": "Dixon",
    "county": "Solano"
  },
  "95621": {
    "city": "Citrus Heights",
    "county": "Sacramento"
  },
  "95624": {
    "city": "Elk Grove",
    "county": "Sacramento"
  },
  "95625": {
    "city": "Elmira",
    "county": "Solano"
  },
  "95626": {
    "city": "Elverta",
    "county": "Sacramento"
  },
  "95628": {
    "city": "Fair Oaks",
    "county": "Sacramento"
  },
  "95630": {
    "city": "Folsom",
    "county": "Sacramento"
  },
  "95632": {
    "city": "Galt",
    "county": "Sacramento"
  },
  "95648": {
    "city": "Lincoln",
    "county": "Placer"
  },
  "95655": {
    "city": "Mather",
    "county": "Sacramento"
  },
  "95660": {
    "city": "North Highlands",
    "county": "Sacramento"
  },
  "95661": {
    "city": "Roseville",
    "county": "Placer"
  },
  "95662": {
    "city": "Orangevale",
    "county": "Sacramento"
  },
  "95670": {
    "city": "Rancho Cordova",
    "county": "Sacramento"
  },
  "95672": {
    "city": "Rescue",
    "county": "El Dorado"
  },
  "95673": {
    "city": "Rio Linda",
    "county": "Sacramento"
  },
  "95677": {
    "city": "Rocklin",
    "county": "Placer"
  },
  "95678": {
    "city": "Roseville",
    "county": "Placer"
  },
  "95682": {
    "city": "Cameron Park",
    "county": "El Dorado"
  },
  "95688": {
    "city": "Vacaville",
    "county": "Solano"
  },
  "95691": {
    "city": "West Sacramento",
    "county": "Yolo"
  },
  "95693": {
    "city": "Wilton",
    "county": "Sacramento"
  },
  "95695": {
    "city": "Woodland",
    "county": "Yolo"
  },
  "95746": {
    "city": "Granite Bay",
    "county": "Placer"
  },
  "95747": {
    "city": "Roseville",
    "county": "Placer"
  },
  "95758": {
    "city": "Elk Grove",
    "county": "Sacramento"
  },
  "95762": {
    "city": "El Dorado Hills",
    "county": "El Dorado"
  },
  "95765": {
    "city": "Rocklin",
    "county": "Placer"
  },
  "95811": {
    "city": "Sacramento",
    "county": "Sacramento"
  },
  "95812": {
    "city": "Sacramento",
    "county": "Sacramento"
  },
  "95814": {
    "city": "Sacramento",
    "county": "Sacramento"
  },
  "95815": {
    "city": "Sacramento",
    "county": "Sacramento"
  },
  "95816": {
    "city": "Sacramento",
    "county": "Sacramento"
  },
  "95817": {
    "city": "Sacramento",
    "county": "Sacramento"
  },
  "95818": {
    "city": "Sacramento",
    "county": "Sacramento"
  },
  "95819": {
    "city": "Sacramento",
    "county": "Sacramento"
  },
  "95820": {
    "city": "Sacramento",
    "county": "Sacramento"
  },
  "95821": {
    "city": "Sacramento",
    "county": "Sacramento"
  },
  "95822": {
    "city": "Sacramento",
    "county": "Sacramento"
  },
  "95823": {
    "city": "Sacramento",
    "county": "Sacramento"
  },
  "95824": {
    "city": "Sacramento",
    "county": "Sacramento"
  },
  "95825": {
    "city": "Sacramento",
    "county": "Sacramento"
  },
  "95826": {
    "city": "Sacramento",
    "county": "Sacramento"
  },
  "95827": {
    "city": "Sacramento",
    "county": "Sacramento"
  },
  "95828": {
    "city": "Sacramento",
    "county": "Sacramento"
  },
  "95829": {
    "city": "Sacramento",
    "county": "Sacramento"
  },
  "95831": {
    "city": "Sacramento",
    "county": "Sacramento"
  },
  "95832": {
    "city": "Sacramento",
    "county": "Sacramento"
  },
  "95833": {
    "city": "Sacramento",
    "county": "Sacramento"
  },
  "95834": {
    "city": "Sacramento",
    "county": "Sacramento"
  },
  "95835": {
    "city": "Sacramento",
    "county": "Sacramento"
  },
  "95838": {
    "city": "Sacramento",
    "county": "Sacramento"
  },
  "95841": {
    "city": "Sacramento",
    "county": "Sacramento"
  },
  "95842": {
    "city": "Sacramento",
    "county": "Sacramento"
  },
  "95843": {
    "city": "Antelope",
    "county": "Sacramento"
  },
  "95926": {
    "city": "Chico",
    "county": "Butte"
  },
  "95928": {
    "city": "Chico",
    "county": "Butte"
  },
  "95929": {
    "city": "Chico",
    "county": "Butte"
  },
  "95945": {
    "city": "Grass Valley",
    "county": "Nevada"
  },
  "95949": {
    "city": "Grass Valley",
    "county": "Nevada"
  },
  "95959": {
    "city": "Nevada City",
    "county": "Nevada"
  },
  "95969": {
    "city": "Paradise",
    "county": "Butte"
  },
  "95973": {
    "city": "Chico",
    "county": "Butte"
  },
  "96001": {
    "city": "Redding",
    "county": "Shasta"
  },
  "96002": {
    "city": "Redding",
    "county": "Shasta"
  },
  "96003": {
    "city": "Redding",
    "county": "Shasta"
  },
  "96007": {
    "city": "Anderson",
    "county": "Shasta"
  },
  "96080": {
    "city": "Red Bluff",
    "county": "Tehama"
  },
  "96150": {
    "city": "South Lake Tahoe",
    "county": "El Dorado"
  },
  "96161": {
    "city": "Truckee",
    "county": "Nevada"
  }
}